"pseudo","nom","prenom","email","telephone"
"rriviere","Riviere","Romain","risus.morbi@laposte.net","0201583083"
"lbailly","Bailly","Lilou","sagittis.placerat@aliquam.co.uk","0700966695"
"amuller","Muller","Alexandre","mauris.morbi@lorem.co.uk","0167413271"
"elefebvre","Lefebvre","Élisa","laplusbelledu62g@gmail.com","0710601863"
"mandre","Andre","Maëlle","aliquam.adipiscing@fringilla.net","0296292567"
"elemaire","Lemaire","Enzo","interdum.feugiat@a.edu","0395027964"
"bperez","Perez","Bienvenue","tempus.mauris@nonloremvitae.net","0735753221"
"edumont","Dumont","Emma","tristique.ac@sedmalesuadaaugue.com","0373682901"
"ariviere","Riviere","Alice","fringilla.ornare.placerat@odioetiam.edu","0962347562"
"nboucher","Boucher","Noë","facilisi.sed.neque@eteuismodet.ca","0527427380"
"amasson","Masson","Aaron","felis.nulla@ligulaaeneangravida.net","0325055764"
"snazdorovie","Nazdorovie","Sergueï","serguei@nazdorovie.ru","0925855798"
"ylemoine","Lemoine","Yasmine","dolor.sit.amet@seddiam.net","0857714507"
"mlopez","Lopez","Marion","molestie.in@accumsannequeet.edu","0698455911"
"eblanchard","Blanchard","Émilie","consectetuer.adipiscing@risusduisa.co.uk","0471496791"
"lphilippe","Philippe","Léonard","sodales.elit.erat@vivamusnibhdolor.org","0107172928"
"kgirard","Girard","Kimberley","suspendisse.sed.dolor@enimnunc.org","0404189030"
"emorin","Morin","Élise","integer.vitae@lorem.edu","0254854268"
"zlefebvre","Lefebvre","Zoé","sed@odioaliquamvulputate.net","0639577658"
"lrenault","Renault","Lilian","erat.semper@est.co.uk","0255166898"
"dremy","Remy","Dimitri","amet.dapibus.id@placerat.ca","0396036245"
"lguillaume","Guillaume","Lena","varius.orci@fermentum.com","0953782036"
"cmaillard","Maillard","Charlotte","maecenas.libero@nunc.com","0817015812"
"dalbert","Albert","Diego","aliquam@vestibulum.edu","0255430951"
"lleclerc","Leclerc","Lauriane","non@auctorveliteget.org","0498920916"
"ppoirier","Poirier","Paul","lectus.sit@ligulaaliquamerat.net","0763446742"
"mhubert","Hubert","Marianne","vitae.purus@curae.org","0206792150"
"ccaron","Caron","Cédric","egestas.duis.ac@eleifend.edu","0266232419"
"cfournier","Fournier","Célia","ante.nunc@porta.edu","0692615826"
"chubert","Hubert","Corentin","fringilla.euismod.enim@namligula.ca","0539979021"
"mdupont","Dupont","Macéo","sed.auctor.odio@velitpellentesque.net","0758036455"
"mfabre","Fabre","Maelys","duis.cursus@pellentesquehabitantmorbi.ca","0253671958"
"fhenry","Henry","Florentin","a.sollicitudin@adipiscingfringilla.ca","0726936785"
"lpons","Pons","Léonard","lectus@aliquet.edu","0941616307"
"sfleury","Fleury","Solene","mollis@laciniavitae.net","0808630903"
"rrichard","Richard","Rémi","bibendum.sed@semvitaealiquam.ca","0943962068"
"sblanc","Blanc","Sarah","rutrum@nibh.com","0805575004"
"pevrard","Evrard","Paul","arcu.vestibulum@elitpellentesquea.org","0401905237"
"rlegrand","Legrand","Romane","nunc@faucibus.org","0963165937"
"jhuet","Huet","Julien","amet@eudolor.edu","0240881253"
"ldubois","Dubois","Lamia","pellentesque.habitant.morbi@musaenean.ca","0682183873"
"mcarpentier","Carpentier","Maïwenn","sem.magna@sedorci.org","0715511479"
"fperez","Perez","Florentin","velit.justo.nec@maurisnullainteger.com","0870041920"
"cdupont","Dupont","Chaïma","lorem.ipsum@praesenteunulla.edu","0399708266"
"aschneider","Schneider","Alice","aliquam.erat@eget.org","0297079661"
"rgautier","Gautier","Rose","ante@aliquet.com","0932461360"
"lguillot","Guillot","Loevan","cursus.in@ultriciessem.ca","0314644035"
"clefevre","Lefevre","Clémence","ut@sollicitudinadipiscing.co.uk","0457752971"
"cbouvier","Bouvier","Clara","fusce.fermentum.fermentum@adipiscingfringillaporttitor.co.uk","0432914963"
"ablanchard","Blanchard","Adam","elementum@atfringillapurus.edu","0139672737"
"jpikatchien","Pikatchien","Jessica","jessica.pikatchien@plerin.fr","0278564042"
"lbailly","Bailly","Léo","ornare.lectus@hendreritdonec.edu","0734831721"
"fschneider","Schneider","Florentin","erat.vitae@aliquet.com","0821421997"
"mcaron","Caron","Martin","pharetra.sed@etiambibendumfermentum.edu","0788393239"
"ldavid","David","Lutécia","lorem@felispurusac.net","0792783693"
"arobert","Robert","Agathe","nunc.sed.pede@consectetueradipiscing.com","0634450159"
"mrodriguez","Rodriguez","Macéo","orci@ametornarelectus.org","0472684476"
"ehumbert","Humbert","Élouan","quam.dignissim.pharetra@ornare.org","0682265107"
"lcharpentier","Charpentier","Lucie","ac.nulla@ante.net","0441099805"
"ycolin","Colin","Yanis","sit.amet.orci@turpisnec.co.uk","0812254447"
"erobert","Robert","Élise","erat.nonummy.ultricies@sapienaenean.ca","0407007247"
"llucas","Lucas","Laura","vel.mauris@massarutrummagna.ca","0405524344"
"qlaurent","Laurent","Quentin","porttitor.interdum@dictum.co.uk","0707373852"
"kgiraud","Giraud","Kimberley","nec@nectempus.com","0103884425"
"jbailly","Bailly","Julien","morbi@feugiatlorem.org","0274508650"
"gchevalier","Chevalier","Gaspard","elit.sed.consequat@ultricies.co.uk","0466809005"
"tfrancois","Francois","Tatiana","dictum.mi.ac@ametconsectetueradipiscing.org","0200147301"
"cmercier","Mercier","Constant","tellus.imperdiet@variusorciin.org","0296096563"
"jgomez","Gomez","Jérémy","lacus.etiam@nibhco.net","0967938363"
"bleroy","Leroy","Benjamin","non.magna.nam@ultriciesdignissim.com","0199309302"
"erolland","Rolland","Ethan","dolor.fusce.mi@dignissim.co.uk","0584704040"
"mmeunier","Meunier","Margaux","morbi.tristique.senectus@phasellusdolor.co.uk","0422001131"
"troger","Roger","Thomas","porttitor.vulputate@egetipsumsuspendisse.edu","0894398702"
"arenaud","Renaud","Anaël","eget@ipsumcursusvestibulum.edu","0299244593"
"ymorin","Morin","Yüna","integer@lectuspedeultrices.org","0230162777"
"ejoly","Joly","Eva","et.nunc.quisque@odiotristique.com","0917398026"
"agarnier","Garnier","Anaël","at.arcu@vitaeodio.org","0173395243"
"lmartinez","Martinez","Lina","nisi.nibh.lacinia@nunc.com","0497067354"
"nle gall","Le gall","Nathan","sed.nunc@sitamet.ca","0676975310"
"fmartinez","Martinez","Fanny","tortor@maurissitamet.co.uk","0893683553"
"lclement","Clement","Lucas","luctus@vitaeorci.org","0786695746"
"tmarchal","Marchal","Thomas","magna.praesent.interdum@velit.edu","0225003361"
"arey","Rey","Alicia","mauris.magna@est.co.uk","0413194483"
"jrey","Rey","Jeanne","auctor@sem.com","0585086153"
"lbouvier","Bouvier","Léonie","duis.risus.odio@a.com","0164663188"
"mpaul","Paul","Marwane","sociis.natoque.penatibus@suscipit.org","0702449373"
"mcollin","Collin","Macéo","per@pellentesquesed.ca","0197051563"
"mmaillard","Maillard","Maelys","magnis@tristiquealiquet.net","0362978211"
"cmaillard","Maillard","Constant","parturient.montes.nascetur@luctussitamet.com","0301933055"
"fdaniel","Daniel","Félix","donec.sollicitudin.adipiscing@morbinon.net","0297199570"
"jbon","Bon","Jean","adipiscing@gmail.com","0354213413"
"mboulanger","Boulanger","Mathis","laoreet.ipsum@id.co.uk","0292792782"
"dboucher","Boucher","Dorian","curabitur@nonummy.com","0199164804"
"mbouvier","Bouvier","Marion","suspendisse.aliquet@nibh.co.uk","0555750153"
"pmaillard","Maillard","Pauline","magna.praesent@pedecum.edu","0743297591"
"rrenaud","Renaud","Rose","orci.in@ultriciesornareelit.edu","0817838763"
"mrobert","Robert","Maelys","malesuada.id.erat@velitcras.com","0643869652"
"cdupuis","Dupuis","Carla","nisi@neceuismod.ca","0913028975"
"ameunier","Meunier","Angelina","gravida.mauris@rutrumeu.edu","0797466269"
"mphilippe","Philippe","Maïwenn","elit@crassed.co.uk","0460749886"
